country,country_code,year,internet_penetration_pct,gdp_usd,gdp_growth_rate,gdp_per_capita_usd,unemployment_rate,startup_count,total_funding_usd,venture_capital_usd,startup_count_growth_rate,pandemic_period,gdp_usd_scaled,gdp_per_capita_usd_scaled,gdp_growth_rate_scaled,internet_penetration_pct_scaled,unemployment_rate_scaled,startup_count_scaled,total_funding_usd_scaled,venture_capital_usd_scaled,startup_count_growth_rate_scaled
Australia,AU,2015,84.6,1341000000000.0,2.45,55700.0,4.6,1202.0,3902255305.22,2082550998.58,17.554076539101505,0,-0.4832445489009605,0.7628146337701361,-0.020773722870722603,0.0020054187097115275,-0.17851530130699228,-0.6627856144934013,-0.5250823508807464,-0.5172728590441658,0.5382105280587112
Australia,AU,2016,86.5,1204000000000.0,2.45,49400.0,4.6,1413.0,4622835686.87,2252986720.5,17.554076539101505,0,-0.5070174711258975,0.44539677848118236,-0.020773722870722603,0.13223070960615424,-0.17851530130699228,-0.6138839392905064,-0.5043785105019157,-0.5105044964735407,0.5382105280587112
Australia,AU,2017,86.5,1323000000000.0,2.45,53700.0,4.6,1475.0,5228213781.05,2661225187.02,4.387827317763615,0,-0.4863679985363537,0.6620470606625317,-0.020773722870722603,0.13223070960615424,-0.17851530130699228,-0.5995147266716464,-0.48698468220750174,-0.49429248454578106,-0.09793460494737642
Australia,AU,2018,86.5,1432000000000.0,2.45,57400.0,4.6,1574.0,5659825391.3,3108052077.23,6.711864406779666,0,-0.4674537757442506,0.8484670709115999,-0.020773722870722603,0.13223070960615424,-0.17851530130699228,-0.5765703387802407,-0.4745835426374732,-0.4765480447934988,0.01435438930219211
Australia,AU,2019,86.5,1396000000000.0,2.45,55200.0,4.6,1722.0,6671932204.79,3548455341.37,9.402795425667088,0,-0.473700675015037,0.7376227404932351,-0.020773722870722603,0.13223070960615424,-0.17851530130699228,-0.5422696376900585,-0.4455035143069185,-0.4590587008026573,0.14437035984497051
Australia,AU,2020,87.4,1330000000000.0,2.45,51900.0,4.6,1558.0,5977293489.360001,3299332363.43,-9.523809523809524,1,-0.48515332367814523,0.5713562448656878,-0.020773722870722603,0.19391637371499573,-0.17851530130699228,-0.5802785226818821,-0.4654619942370648,-0.4689519005402288,-0.7700941486519317
Australia,AU,2021,90.4,1617000000000.0,2.45,62100.0,4.6,2172.0,7464161934.31,3944719150.71,39.40949935815148,1,-0.4353516544915986,1.0852708677144702,-0.020773722870722603,0.3995352540777994,-0.17851530130699228,-0.43797696545639647,-0.42274103245057354,-0.44332222780852115,1.5941848319323277
Australia,AU,2022,91.6,1724000000000.0,2.45,65300.0,4.6,2200.0,7214921420.15,4010325735.37,1.2891344383057168,1,-0.4167844816589837,1.2464989846866372,-0.020773722870722603,0.4817828062229201,-0.17851530130699228,-0.43148764362852415,-0.4299022540887346,-0.440716851734791,-0.24765214111197406
Australia,AU,2023,92.4,1687000000000.0,2.45,63500.0,4.6,1938.0,7186910529.34,3845358000.15,-11.909090909090914,1,-0.4232049059095141,1.1558081688897932,-0.020773722870722603,0.5366145076530019,-0.17851530130699228,-0.49220915501790075,-0.43070706785686846,-0.44726806900218957,-0.8853422438830035
Brazil,BR,2015,58.3,1802000000000.0,-3.5,8757.0,8.5,1560.0,3334785659.09,1769514528.55,11.730769230769234,0,-0.40324953323894663,-1.602351458425,-2.0931151158051424,-1.8005867658042005,1.8918941210679112,-0.5798149996941768,-0.5413869870774805,-0.529704198572778,0.2568495618550102
Brazil,BR,2016,59.7,1795000000000.0,-3.3,8670.0,11.5,1743.0,3477393182.59,1812959600.65,11.730769230769234,0,-0.4044642080971551,-1.6067348478551808,-2.023456581588859,-1.7046312883015584,3.4845167536639905,-0.5374026463191542,-0.5372895630030092,-0.5279789029800044,0.2568495618550102
Brazil,BR,2017,67.5,2063000000000.0,1.3,9895.0,12.8,1964.0,4888432455.18,2629137484.65,12.679288582903038,0,-0.3579595135257457,-1.5450147093267732,-0.42131029461435,-1.170022199358269,4.1746532277889585,-0.4861833561777336,-0.4967473381355073,-0.49556675499361835,0.30267855683135564
Brazil,BR,2018,70.0,1916000000000.0,1.8,9141.0,12.3,1974.0,4178462471.54,2018308295.96,0.5091649694501044,0,-0.3834676855481232,-1.58300408438834,-0.24716395907364244,-0.9986731323892659,3.9092161223562787,-0.4838657412392078,-0.517146318720276,-0.519824072480825,-0.2853374205841047
Brazil,BR,2019,74.0,1874000000000.0,1.2,8897.0,11.9,2052.0,4013092155.5,1966217432.9,3.951367781155013,0,-0.39075573469737396,-1.5952977283074676,-0.45613956172249154,-0.724514625238861,3.696866438010135,-0.46578834471870634,-0.5218977672940619,-0.521892710697245,-0.11902273758865123
Brazil,BR,2020,77.0,1444000000000.0,-3.9,6821.0,13.063999999999998,1625.0,3461191912.3,1764565839.83,-20.80896686159844,1,-0.46537147598732187,-1.699894469193161,-2.232432184237708,-0.5188957448760574,4.314804019457413,-0.564750502593759,-0.5377550607081375,-0.5299007214561782,-1.315351783909793
Brazil,BR,2021,81.3,1608000000000.0,5.0,7549.0,13.063999999999998,2845.0,6053074783.8,3334019455.84,66.56705159921333,1,-0.4369133793092952,-1.663215072581993,0.8673725883868858,-0.2241753496893723,4.314804019457413,-0.2820014800936086,-0.4632846329547687,-0.4675744028225739,2.906338687755706
Brazil,BR,2022,83.0,1920000000000.0,2.9,8958.0,9.3,2540.0,5808839275.97,2835894436.92,-10.720562390158172,1,-0.382773585629147,-1.5922243173276858,0.1359579791159141,-0.10765798415045004,2.3165934897601996,-0.3526887357186462,-0.47030204988385044,-0.48735599963555054,-0.8279168815001723
Brazil,BR,2023,84.7,2174000000000.0,2.9,10100.0,7.8,2195.0,4941164533.32,2690180337.64,-13.58267716535433,1,-0.3386982407741545,-1.5346860330832437,0.1359579791159141,0.008859381388472235,1.5202821734621592,-0.4326464510977871,-0.4952322309296261,-0.49314261434559375,-0.9662038266838543
Canada,CA,2015,88.5,1553000000000.0,0.7,43600.0,4.6,1981.0,7169320867.4,4427661830.23,-1.6658253407370038,0,-0.4464572531952188,0.15317081646912964,-0.6302858972631991,0.2693099631813567,-0.17851530130699228,-0.4822434107822397,-0.4312124570714478,-0.42414355376649815,-0.3904250181907627
Canada,CA,2016,89.8,1527000000000.0,1.0,42400.0,4.6,1948.0,8899902078.939999,5278070440.77,-1.6658253407370038,0,-0.4509689026685645,0.09271027260456702,-0.5257980959387745,0.3584114780052381,-0.17851530130699228,-0.4898915400793749,-0.38148909784775653,-0.39037203131524845,-0.3904250181907627
Canada,CA,2017,89.8,1649000000000.0,3.0,45200.0,4.6,2131.0,7864024543.019999,4520874177.0,9.394250513347014,0,-0.42979885513978855,0.23378487495521316,0.1707872462240556,0.3584114780052381,-0.17851530130699228,-0.4474791867043523,-0.41125211069386697,-0.4204418945609571,0.14395750085278544
Canada,CA,2018,91.0,1726000000000.0,2.8,46500.0,4.6,2196.0,8359131847.81,4935625724.9,3.050211168465511,0,-0.41643743169949554,0.299283797475156,0.10112871200777254,0.44065903015035973,-0.17851530130699228,-0.4324146896039345,-0.39702660182656585,-0.40397123441241833,-0.16256333777033502
Canada,CA,2019,91.0,1742000000000.0,1.9,46300.0,4.6,2475.0,10450568224.66,6372701568.16,12.704918032786882,0,-0.4136610320235905,0.2892070401643956,-0.21233469196550098,0.44065903015035973,-0.17851530130699228,-0.367753232819064,-0.33693508946866446,-0.34690191678875715,0.30391687835566705
Canada,CA,2020,93.0,1645000000000.0,-5.2,43300.0,4.6,2233.0,9895118542.37,5656501194.2300005,-9.777777777777777,1,-0.43049295505876484,0.138055680502989,-2.685212656643548,0.5777382837255622,-0.17851530130699228,-0.42383951433138894,-0.35289436598167684,-0.3753437466432454,-0.7823649682288637
Canada,CA,2021,93.3,1988000000000.0,5.0,51800.0,4.6,3417.0,13083801246.28,7424324634.48,53.02283922973579,1,-0.37097388700655054,0.5663178662103076,0.8673725883868858,0.5983001717618424,-0.17851530130699228,-0.14943390560993147,-0.26127658203740484,-0.30513974322383247,2.2519317542092616
Canada,CA,2022,93.8,2140000000000.0,3.8,55100.0,4.6,2969.0,11250277386.97,6512786281.34,-13.110916008194318,1,-0.3445980900854527,0.7325843618378548,0.4494213830891876,0.632569985155643,-0.17851530130699228,-0.25326305485588835,-0.31395770725345357,-0.3413388568930781,-0.9434100485148759
Canada,CA,2023,94.2,2140000000000.0,1.2,54900.0,4.6,2584.0,9993153154.62,6078398561.87,-12.967329067025934,1,-0.3445980900854527,0.7225076045270944,-0.45613956172249154,0.6599858358706838,-0.17851530130699228,-0.34249122998913256,-0.35007761851628383,-0.3585893108969634,-0.9364724513106953
China,CN,2015,50.3,11016000000000.0,7.0,8069.0,4.6,8425.0,55232405225.92,38103334943.97,14.682492581602368,0,1.195609630122867,-1.637015503574016,1.563957930549716,-2.3489037801050103,-0.17851530130699228,1.0112276556038007,0.9497444104947932,0.9131885669648012,0.3994660665289293
China,CN,2016,53.2,11138000000000.0,6.8,8123.0,4.7,9662.0,48116129873.23,33582630274.51,14.682492581602368,0,1.2167796776516429,-1.6342947791001106,1.4942993963334328,-2.1501388624209663,-0.125427880220456,1.297916623499445,0.7452783540410615,0.7336618343471795,0.3994660665289293
China,CN,2017,54.3,12310000000000.0,6.9,8936.0,4.6,10598.0,76713302452.26,51690007890.29,9.687435313599678,0,1.420150953911687,-1.5933327606318695,1.5291286634415746,-2.074745272954605,-0.17851530130699228,1.5148453817454621,1.5669372715463823,1.4527440521251318,0.15812312088752015
China,CN,2018,59.6,13895000000000.0,6.7,9977.0,4.9,11448.0,73859555545.18,52118926583.98,8.02038120400075,0,1.6951880468060299,-1.5408832388293614,1.4594701292252914,-1.7114852509803187,-0.019253038047383954,1.711842651520157,1.4849429209501652,1.4697773195617287,0.07757714758477613
China,CN,2019,64.6,14340000000000.0,6.0,10262.0,5.2,12227.0,77649999355.49,54383148971.97,6.804682040531107,0,1.7724066627921387,-1.5265238596615278,1.2156652594683008,-1.368787117042313,0.1400092252122239,1.8923848552313187,1.5938506092692497,1.5596943738611573,0.018838998774146243
China,CN,2020,70.4,14688000000000.0,2.2,10408.0,5.6,9865.0,52801275004.99,38912728617.02,-19.317903001553937,1,1.8327933557430731,-1.5191678268246727,-0.10784689064107637,-0.9712572816742251,0.3523589095583675,1.3449642067515193,0.8798927557508341,0.9453312996024097,-1.2433090174679016
China,CN,2021,73.0,17734000000000.0,8.5,12556.0,5.1,15907.0,94929738313.2,67609430727.34,61.246832235174864,1,2.3613504440434947,-1.4109434533071055,2.0863969371718385,-0.7930542520264623,0.08692180412568763,2.7452671526088217,2.0903350630217785,2.0849379634861496,2.6492850957978056
China,CN,2022,75.6,17963000000000.0,3.0,12720.0,5.6,11979.0,71371992603.2,47786162773.21001,-24.193598327468493,1,2.4010876644048857,-1.4026805123122819,0.1707872462240556,-0.6148512223786995,0.3523589095583675,1.8349080047558783,1.413469831487033,1.2977141154762635,-1.4788848294899302
China,CN,2023,77.5,17795000000000.0,5.2,12614.0,5.2,11249.0,64020643647.0,47312525788.71,-6.0939978295350254,1,2.371935467807883,-1.408021193686985,0.9370311226031688,-0.48462593148225674,0.1400092252122239,1.6657221142434933,1.2022495995266034,1.2789049902421867,-0.6043781592489622
France,FR,2015,90.45,2434000000000.0,2.45,36900.0,4.6,1887.0,5994709286.91,3366122128.99,27.503974562798096,0,-0.29358174604069764,-0.184400553441345,-0.020773722870722603,0.4029622354171793,-0.17851530130699228,-0.5040289912043825,-0.4649616005242641,-0.4662995378534364,1.0189533041732206
France,FR,2016,90.45,2465000000000.0,2.45,37200.0,4.6,2406.0,9374109985.23,5270936746.3,27.503974562798096,0,-0.2882024716686316,-0.16928541747520437,-0.020773722870722603,0.4029622354171793,-0.17851530130699228,-0.3837447758948922,-0.36786407411934696,-0.3906553253929048,1.0189533041732206
France,FR,2017,90.45,2586000000000.0,2.45,38900.0,4.6,2283.0,7776086167.23,4232162319.76,-5.112219451371569,0,-0.2672059491195998,-0.08363298033374064,-0.020773722870722603,0.4029622354171793,-0.17851530130699228,-0.4122514396387598,-0.41377877134394014,-0.4319072523288322,-0.5569422094609915
France,FR,2018,90.45,2778000000000.0,2.45,41600.0,4.6,2689.0,9622976441.03,5577260652.440001,17.78361804643014,0,-0.2338891530087393,0.05240324336152527,-0.020773722870722603,0.4029622354171793,-0.17851530130699228,-0.3181562731346114,-0.3607135999907976,-0.3784905559569597,0.5493011363447325
France,FR,2019,90.45,2716000000000.0,2.45,40500.0,4.6,2955.0,11885791481.34,6670987680.23,9.89215321680923,0,-0.24464770175287134,-0.0030189218476571406,-0.020773722870722603,0.4029622354171793,-0.17851530130699228,-0.2565077157698245,-0.29569800617998676,-0.3350563451355358,0.16801434317692585
France,FR,2020,90.45,2630000000000.0,2.45,39000.0,4.6,2391.0,9354169278.59,4842715998.32,-19.086294416243653,1,-0.25957085001086094,-0.07859460167836042,-0.020773722870722603,0.4029622354171793,-0.17851530130699228,-0.3872211983026809,-0.36843701395760664,-0.4076608759309156,-1.2321185355143334
France,FR,2021,90.45,2957000000000.0,2.45,43700.0,4.6,3918.0,15958487069.08,8899559201.25,63.86449184441656,1,-0.2028281816345517,0.15820919512450987,-0.020773722870722603,0.4029622354171793,-0.17851530130699228,-0.03332139718978773,-0.17868061088668422,-0.24655506207755745,2.775760859114438
France,FR,2022,90.45,2778000000000.0,2.45,40900.0,4.6,3304.0,13061893744.4,7104897934.78,-15.671260847371103,1,-0.2338891530087393,0.017134592773863734,-0.020773722870722603,0.4029622354171793,-0.17851530130699228,-0.17562295441527329,-0.2619060321772822,-0.31782485227229,-1.0671165712214286
France,FR,2023,90.45,3031000000000.0,2.45,44400.0,4.6,2808.0,10092592522.49,5807381913.42,-15.012106537530268,1,-0.1899873331334909,0.1934778457121714,-0.020773722870722603,0.4029622354171793,-0.17851530130699228,-0.2905766553661541,-0.3472205093690183,-0.3693519545418575,-1.0352686395093607
Germany,DE,2015,87.6,3355000000000.0,1.7,41100.0,4.6,2163.0,9000518151.77,5236794035.52,10.217290799815082,0,-0.13376523969641388,0.027211350084624174,-0.28199322618178396,0.2076242990725152,-0.17851530130699228,-0.44006281890106974,-0.3785981794096953,-0.39201120456600147,0.18372380511323255
Germany,DE,2016,89.6,3467000000000.0,2.2,42200.0,4.1,2384.0,8806565714.82,4788214146.58,10.217290799815082,0,-0.11433044196507862,0.08263351529380658,-0.10784689064107637,0.3447035526477176,-0.4439524067396722,-0.388843528759649,-0.384170854433824,-0.4098252596011413,0.18372380511323255
Germany,DE,2017,84.4,3677000000000.0,2.7,44700.0,3.8,2560.0,10051488369.08,5833529733.25,7.38255033557047,0,-0.077890196218825,0.20859298167831206,0.06629944489963116,-0.011702506647807939,-0.6032146699992801,-0.34805350584159456,-0.34840152102681415,-0.36831356937795456,0.04675948677554701
Germany,DE,2018,84.2,3996000000000.0,1.0,48500.0,3.4,3014.0,13036023726.99,7367290656.55,17.734374999999993,0,-0.022535727680468305,0.40005137058276036,-0.5257980959387745,-0.025410432005328377,-0.815564354345424,-0.24283378763252217,-0.26264933399994317,-0.3074046829742943,0.5469218919757165
Germany,DE,2019,86.0,3889000000000.0,1.1,46800.0,3.2,2618.0,11337916610.61,6449058458.89,-13.138686131386857,0,-0.04110290051308325,0.31439893344129666,-0.490968828830633,0.09796089621235363,-0.9217391965184958,-0.33461133919814473,-0.3114396418947875,-0.3438696233504789,-0.9447517995644674
Germany,DE,2020,90.0,3890000000000.0,-3.8,46800.0,4.2,2339.0,9345267939.07,5497475684.67,-10.65699006875478,1,-0.04092937553333918,0.31439893344129666,-2.197602917129567,0.3721194033627585,-0.39086498565313593,-0.39927279598301524,-0.3686927687870094,-0.38165898557646444,-0.8248452988364381
Germany,DE,2021,91.6,4260000000000.0,3.2,51200.0,3.6,3735.0,15827519537.68,8901564043.58,59.68362548097477,1,0.02327486697196482,0.5360875942780263,0.2404457804403387,0.4817828062229201,-0.7093895121723518,-0.0757337505648103,-0.1824435926913042,-0.24647544555331294,2.5737566478815217
Germany,DE,2022,92.4,4082000000000.0,1.8,48800.0,3.1,3689.0,17553975041.36,10622879348.1,-1.2315930388219545,1,-0.007612579422478726,0.415166506548901,-0.24716395907364244,0.5366145076530019,-0.9748266176050318,-0.08639477928202909,-0.13283877402069807,-0.1781183784542815,-0.36944449740511565
Germany,DE,2023,93.0,4456000000000.0,-0.3,53200.0,3.0,3131.0,12965516733.91,7413161082.91,-15.126050420168069,1,0.057285763001801535,0.6368551673856306,-0.978578568344614,0.5777382837255622,-1.0279140386915677,-0.21571769285177003,-0.2646751531416981,-0.3055830714401855,-1.040773992260726
India,IN,2015,31.2,2103000000000.0,8.0,1801.0,5.6,5530.0,18156196808.6,12455062754.23,5.027124773960212,0,-0.3510185143359831,-1.952821077693248,1.912250601631131,-3.658010651748193,0.3523589095583675,0.34027813090057496,-0.1155356338588135,-0.10535850482643093,-0.06704608396726754
India,IN,2016,31.2,2294000000000.0,8.3,1801.0,5.5,5808.0,18715373463.44,12470037109.28,5.027124773960212,0,-0.3178752432048667,-1.952821077693248,2.0167384029555557,-3.658010651748193,0.29927148847183177,0.4047078261915929,-0.09946927332473075,-0.10476384155339213,-0.06704608396726754
India,IN,2017,34.5,2651000000000.0,6.8,1981.0,5.4,6675.0,18544538215.24,13127798181.95,14.927685950413228,0,-0.25592682543623557,-1.9437519961135636,1.4942993963334328,-3.4318298833491094,0.24618406738529597,0.6056450413617818,-0.10437774127623352,-0.07864275980760925,0.4113129156650985
India,IN,2018,40.9,2702000000000.0,6.5,1998.0,5.3,6463.0,18761381220.18,12795030426.15,-3.176029962546812,0,-0.24707705146928824,-1.942895471742149,1.3898115950090084,-2.9931762719084616,0.1930966462987597,0.5565116046650344,-0.09814737048642155,-0.09185767037738306,-0.4633925964172659
India,IN,2019,50.0,2835000000000.0,6.0,2071.0,5.4,6979.0,21486002975.02,14014388275.64,7.983908401671047,0,-0.22399822916332762,-1.9392174553237214,1.2156652594683008,-2.3694656681412902,0.24618406738529597,0.6761005354929668,-0.01986306613757468,-0.043434394225451235,0.07581491482591793
India,IN,2020,50.0,2671000000000.0,-6.124,1933.0,7.1,6854.0,21638893608.15,14076901450.29,-1.7910875483593602,1,-0.25245632584135425,-1.9461704178681463,-3.007035084722775,-2.3694656681412902,1.1486702258564072,0.647130348761394,-0.015470185975484161,-0.0409518639981869,-0.3964772311170848
India,IN,2021,52.4,3176000000000.0,8.7,2277.0,6.0,9639.0,32760328562.36,23744404620.13,40.63320688648964,1,-0.1648262110706015,-1.9288383952936383,2.1560554713881213,-2.2049705638510475,0.5647085939045117,1.2925861091408357,0.3040728101136762,0.3429651099144642,1.6533099157195634
India,IN,2022,55.0,3385000000000.0,7.2,2389.0,4.8,7499.0,23975158100.87,15530961956.22,-22.20147318186534,1,-0.12855949030409194,-1.9231954111996123,1.633616464765999,-2.0267675342032843,-0.07234045913392022,0.7966165122963096,0.051655770228384135,0.016791950460969103,-1.38263260955924
India,IN,2023,58.0,3732000000000.0,8.2,2601.0,4.2,7625.0,22391607643.38,15288491465.7,1.6802240298706472,1,-0.06834632233290143,-1.9125140484502063,1.9819091358474137,-1.8211486538404806,-0.39086498565313593,0.825818460521735,0.006156924105729393,0.007162935052526817,-0.22875611870946874
Israel,IL,2015,71.0,311400000000.0,2.6,33600.0,4.6,1082.0,6799035115.059999,5313912432.76,7.670979667282807,0,-0.6619058680454497,-0.35066704906889223,0.031470177791489626,-0.9301335056016647,-0.17851530130699228,-0.6905969937557113,-0.4418515714662195,-0.3889486700954941,0.060695339917962055
Israel,IL,2016,76.7,318000000000.0,4.0,34900.0,4.6,1165.0,8111587297.99,6014064599.42,7.670979667282807,0,-0.6607606031791389,-0.2851681265489494,0.5190799173054707,-0.5394576329123375,-0.17851530130699228,-0.6713607897659469,-0.40413909472345433,-0.3611441484542623,0.060695339917962055
Israel,IL,2017,79.8,354000000000.0,3.4,38100.0,4.6,1196.0,8492908085.08,6284779356.78,2.6609442060085757,0,-0.6545137039083525,-0.12394000957678239,0.31010431465662164,-0.3269847898707742,-0.17851530130699228,-0.6641761834565169,-0.3931829197982312,-0.3503934935423107,-0.1813712973831396
Israel,IL,2018,80.5,370000000000.0,3.5,39500.0,4.6,1278.0,8285997163.04,6244419853.04,6.856187290969906,0,-0.6517373042324475,-0.05340270840145933,0.34493358176476313,-0.2790070511194531,-0.17851530130699228,-0.645171740960605,-0.3991279202612518,-0.3519962546971056,0.021327544588530603
Israel,IL,2019,81.6,395000000000.0,3.8,41500.0,4.6,1541.0,12001697205.19,9565683990.68,20.57902973395931,0,-0.6473991797388459,0.04736486470614505,0.4494213830891876,-0.20361346165309213,-0.17851530130699228,-0.5842184680773759,-0.2923677828396172,-0.2201018394705045,0.6843652316595951
Israel,IL,2020,85.0,407000000000.0,-1.5,42300.0,4.6,1309.0,9570965178.47,7542458857.18,-15.055158987670348,1,-0.6453168799819171,0.0876718939491868,-1.3965297736423121,0.029421269424752407,-0.17851530130699228,-0.6379871346511751,-0.36220799659854036,-0.3004483836765195,-1.037348776848415
Israel,IL,2021,87.8,481000000000.0,8.6,49100.0,4.6,1995.0,15421082087.84,11310618832.36,52.40641711229947,1,-0.6324760314808563,0.4302816425150417,2.1212262042799797,0.22133222443003564,-0.17851530130699228,-0.47899874986830354,-0.19412142392256523,-0.15080679065350744,2.2221484861507395
Israel,IL,2022,89.0,526000000000.0,6.5,52800.0,4.6,1682.0,10742524539.18,7763415767.28,-15.689223057644108,1,-0.6246674073923734,0.6167016527641098,1.3898115950090084,0.3035797765751573,-0.17851530130699228,-0.5515400974441618,-0.3285465500532939,-0.2916737179949684,-1.067984439697189
Israel,IL,2023,90.5,509000000000.0,2.0,50100.0,4.6,1389.0,9114247562.81,6801927124.62,-17.419738406658738,1,-0.6276173320480225,0.48066542906884385,-0.17750542485735946,0.40638921675655915,-0.17851530130699228,-0.6194462151429685,-0.3753304862660673,-0.32985646318330214,-1.1515966285872397
Japan,JP,2015,93.3,4395000000000.0,1.6,34600.0,3.4,1757.0,4958228493.27,2775009262.96,7.740466704610127,0,0.04670073923741358,-0.3002832625150901,-0.31682249328992546,0.5983001717618424,-0.815564354345424,-0.5341579854052182,-0.49474194627571055,-0.4897738785161898,0.06405270007875472
Japan,JP,2016,93.2,4949000000000.0,0.8,38900.0,3.1,1893.0,6006021926.13,3516638047.86,7.740466704610127,0,0.14283357801562552,-0.08363298033374064,-0.5954566301550575,0.5914462090830827,-0.9748266176050318,-0.502638422241267,-0.4646365638140807,-0.46032223274341294,0.06405270007875472
Japan,JP,2017,92.0,4930000000000.0,1.7,38700.0,2.8,1858.0,5728743996.39,3167332853.4300003,-1.848917062863176,0,0.1395366034004883,-0.09370973764450108,-0.28199322618178396,0.509198656937961,-1.1340888808646399,-0.5107500745261073,-0.4726033613346632,-0.47419387993727213,-0.39927134230070777
Japan,JP,2018,90.9,4955000000000.0,0.6,39300.0,2.434,2130.0,5672008837.1,3230565460.76,14.639397201291704,0,0.1438747278940899,-0.06347946571221977,-0.6651151643713406,0.4338050674716,-1.3283888420413614,-0.44771094819820495,-0.4742334857617507,-0.47168277951845095,0.39738385496063805
Japan,JP,2019,93.0,5082000000000.0,-0.4,40300.0,2.434,2239.0,6498096530.24,3826154605.63,5.11737089201878,0,0.16591240032158613,-0.013095679158417578,-1.0134078354527556,0.5777382837255622,-1.3283888420413614,-0.4224489453682735,-0.4504981910281864,-0.44803067636661936,-0.06268572075292023
Japan,JP,2020,93.0,5040000000000.0,-4.1,40100.0,2.8,2146.0,6909064889.78,3960972167.96,-4.153640017865124,1,0.15862435117233542,-0.023172436469178017,-2.302090718453991,0.5777382837255622,-1.1340888808646399,-0.4440027642965636,-0.43869017691436496,-0.4426767861582886,-0.5106271480510501
Japan,JP,2021,93.3,4940000000000.0,2.1,39500.0,2.8,3042.0,9515197732.79,5410975123.01,41.75209692451072,1,0.14127185319792893,-0.05340270840145933,-0.1426761577492179,0.5983001717618424,-1.1340888808646399,-0.23634446580464985,-0.3638103165105118,-0.38509410561633733,1.70737060074006
Japan,JP,2022,94.0,4232000000000.0,1.0,33800.0,2.6,2655.0,8450679488.47,5130406603.75,-12.72189349112426,1,0.018416167539131004,-0.3405902917581318,-0.5257980959387745,0.6462779105131634,-1.2402637230377116,-0.3260361639255992,-0.394396239152879,-0.3962360742298563,-0.9246138996114489
Japan,JP,2023,94.5,4213000000000.0,1.9,33800.0,2.5,2277.0,6911946199.16,3746146043.51,-14.237288135593218,1,0.015119192923993772,-0.3405902917581318,-0.21233469196550098,0.680547723906964,-1.2933511441242478,-0.41364200860187533,-0.4386073906340211,-0.4512079853901158,-0.9978322408000764
Netherlands,NL,2015,93.2,752000000000.0,2.45,44300.0,4.6,847.0,3095228348.25,1947582852.18,0.1180637544273999,0,-0.5854507619702147,0.18843946705679118,-0.020773722870722603,0.5914462090830827,-0.17851530130699228,-0.7450609448110681,-0.5482699892400654,-0.5226327292640319,-0.3042340045896883
Netherlands,NL,2016,93.2,778000000000.0,2.45,45700.0,4.6,848.0,3394146160.65,2118460996.61,0.1180637544273999,0,-0.580939112496869,0.25897676823211424,-0.020773722870722603,0.5914462090830827,-0.17851530130699228,-0.7448291833172155,-0.5396814308614044,-0.5158467971608971,-0.3042340045896883
Netherlands,NL,2017,93.2,832000000000.0,2.45,48700.0,4.6,910.0,3622493382.02,2153822971.08,7.311320754716988,0,-0.5715687635906895,0.4101281278935208,-0.020773722870722603,0.5914462090830827,-0.17851530130699228,-0.7304599706983553,-0.5331205189318172,-0.5144424984509208,0.043317933268222315
Netherlands,NL,2018,93.2,914000000000.0,2.45,53200.0,4.6,953.0,3687282230.52,2361330855.86,4.725274725274731,0,-0.5573397152516762,0.6368551673856306,-0.020773722870722603,0.5914462090830827,-0.17851530130699228,-0.7204942264626943,-0.5312589945109043,-0.5062019219765019,-0.08163037719617905
Netherlands,NL,2019,93.2,909000000000.0,2.45,52800.0,4.6,1168.0,4318227686.56,2611428368.64,22.56033578174186,0,-0.5582073401503965,0.6167016527641098,-0.020773722870722603,0.5914462090830827,-0.17851530130699228,-0.6706655052843892,-0.5131305603455323,-0.4962700214016851,0.7800947122507517
Netherlands,NL,2020,93.2,910000000000.0,2.45,52600.0,4.6,969.0,3749893751.6,2267329599.92,-17.03767123287672,1,-0.5580338151706525,0.6066248954533493,-0.020773722870722603,0.5914462090830827,-0.17851530130699228,-0.716786042561053,-0.5294600294386832,-0.5099349104317901,-1.1331365364989838
Netherlands,NL,2021,95.0,1013000000000.0,2.45,58200.0,4.6,1449.0,4839877907.61,2846649436.47,49.53560371517028,1,-0.5401607422570138,0.8887741001546416,-0.020773722870722603,0.7148175373007646,-0.17851530130699228,-0.6055405255118135,-0.4981424158092205,-0.4869288958829964,2.083441255287094
Netherlands,NL,2022,95.4,991000000000.0,2.45,56700.0,4.6,1224.0,3704911985.21,2105587845.52,-15.527950310559005,1,-0.5439782918113832,0.8131984203239383,-0.020773722870722603,0.7422333880158055,-0.17851530130699228,-0.6576868616286445,-0.5307524533444853,-0.5163580171857958,-1.0601923288674437
Netherlands,NL,2023,96.0,1118000000000.0,2.45,63700.0,4.6,1033.0,3799986121.79,2390983606.96,-15.604575163398692,1,-0.521940619383887,1.1658849262005537,-0.020773722870722603,0.7833571640883659,-0.17851530130699228,-0.7019533069544878,-0.5280207667789973,-0.5050243485875413,-1.0638945622356437
Singapore,SG,2015,81.0,311400000000.0,3.0,55600.0,4.6,830.0,4196798165.2,2903619413.0,5.542168674698789,0,-0.6619058680454497,0.7577762551147559,0.1707872462240556,-0.24473723772565248,-0.17851530130699228,-0.7490008902065619,-0.5166194943930545,-0.4846664977633344,-0.042161041520378285
Singapore,SG,2016,81.0,318000000000.0,3.3,57100.0,4.6,876.0,3841833543.98,2646856823.62,5.542168674698789,0,-0.6607606031791389,0.8333519349454592,0.2752750475484801,-0.24473723772565248,-0.17851530130699228,-0.7383398614893432,-0.5268183993938301,-0.49486308261021356,-0.042161041520378285
Singapore,SG,2017,84.5,341000000000.0,4.5,61000.0,4.6,1116.0,5534523775.66,4152949254.99,27.3972602739726,0,-0.6567695286450254,1.0298487025052878,0.6932262528461782,-0.004848543969048206,-0.17851530130699228,-0.6827171029647234,-0.47818373036875705,-0.43505297047203595,1.0137972590219162
Singapore,SG,2018,88.0,377000000000.0,3.7,66200.0,4.6,1061.0,5753564633.18,4077725106.43,-4.928315412186379,0,-0.6505226293742391,1.2918443925850591,0.4145921159810462,0.23504014978755608,-0.17851530130699228,-0.6954639851266154,-0.4718902104977997,-0.4380402803257744,-0.5480566371540189
Singapore,SG,2019,88.0,375000000000.0,1.1,65600.0,4.6,1110.0,5987681471.650001,4345849291.36,4.618284637134784,0,-0.6508696793337272,1.2616141206527778,-0.490968828830633,0.23504014978755608,-0.17851530130699228,-0.684107671927839,-0.46516352493000734,-0.4273925025177196,-0.08679974796426507
Singapore,SG,2020,92.0,340000000000.0,-3.9,59800.0,4.6,1014.0,5221646022.1,3752159774.78,-8.64864864864865,1,-0.6569430536247695,0.9693881586407251,-2.232432184237708,0.509198656937961,-0.17851530130699228,-0.7063567753376868,-0.4871733881956332,-0.4509691674171044,-0.7278095676773687
Singapore,SG,2021,92.0,397000000000.0,8.7,72800.0,4.6,1558.0,7438329395.599999,5049262093.83,53.64891518737673,1,-0.6470521297793578,1.6243773838401536,2.1560554713881213,0.509198656937961,-0.17851530130699228,-0.5802785226818821,-0.4234832574287324,-0.3994584941402319,2.2821814606100754
Singapore,SG,2022,92.4,467000000000.0,3.6,82392.0,4.6,1506.0,6873325623.18,4429207184.190001,-3.3376123234916566,1,-0.6349053811972732,2.1076586644642243,0.3797628488729047,0.5366145076530019,-0.17851530130699228,-0.5923301203622163,-0.43971704371477455,-0.4240821844961163,-0.4711996666592684
Singapore,SG,2023,93.0,501000000000.0,1.1,82392.0,4.6,1287.0,6375801861.809999,4234158719.84,-14.541832669322709,1,-0.6290055318859751,2.1076586644642243,-0.490968828830633,0.5777382837255622,-0.17851530130699228,-0.6430858875159319,-0.45401198263122583,-0.4318279710641698,-1.0125467217170598
South Korea,KR,2015,89.9,1382000000000.0,2.8,27100.0,4.6,2224.0,6601979033.42,4040476795.77,9.847122302158272,0,-0.4761300247314539,-0.6781616616686065,0.10112871200777254,0.3652654406839988,-0.17851530130699228,-0.4259253677760622,-0.44751342094734237,-0.4395194894308263,0.16583861364997796
South Korea,KR,2016,92.7,1415000000000.0,2.9,27600.0,4.6,2443.0,7514845531.81,4629611678.74,9.847122302158272,0,-0.47040370039989976,-0.6529697683917054,0.1359579791159141,0.557176395689282,-0.17851530130699228,-0.37516960062234667,-0.42128478254537616,-0.41612369865396437,0.16583861364997796
South Korea,KR,2017,95.1,1531000000000.0,3.2,29700.0,4.6,2498.0,8595283300.46,5584427694.58,2.2513303315595534,0,-0.4502748027495882,-0.5471638166287208,0.2404457804403387,0.7216714999795244,-0.17851530130699228,-0.36242271846045465,-0.390241457371621,-0.3782059375728792,-0.20116234555957946
South Korea,KR,2018,95.9,1619000000000.0,2.9,31300.0,4.6,2761.0,10563741367.63,6301609772.93,10.528422738190546,0,-0.4350046045321105,-0.46654975814263727,0.1359579791159141,0.7765032014096062,-0.17851530130699228,-0.3014694455772255,-0.3336833791156069,-0.3497251221619777,0.19875656539241168
South Korea,KR,2019,96.2,1647000000000.0,2.2,31800.0,4.6,2798.0,9521727714.74,5954226776.06,1.3400941687794266,0,-0.4301459050992767,-0.4413578648657362,-0.10784689064107637,0.7970650894458863,-0.17851530130699228,-0.29289427030467996,-0.36362269593768987,-0.36352043482999985,-0.24518995283229192
South Korea,KR,2020,96.5,1638000000000.0,-0.7,31600.0,4.6,2572.0,7917373657.85,4741851628.26,-8.077197998570407,1,-0.43170762991697326,-0.4514346221764966,-1.1178956367771802,0.8176269774821665,-0.17851530130699228,-0.34527236791536353,-0.40971927468289604,-0.4116664131465483,-0.7001991568694608
South Korea,KR,2021,97.6,1799000000000.0,4.3,34800.0,4.6,3427.0,11181819432.65,6617577636.19,33.24261275272163,1,-0.4037701081781788,-0.2902065052043296,0.6235677186298951,0.8930205669485274,-0.17851530130699228,-0.14711629067140566,-0.315924653058524,-0.33717737081550125,1.2962233674412287
South Korea,KR,2022,97.8,1665000000000.0,2.6,32200.0,4.6,3630.0,11465655011.8,7619474492.940001,5.9235482929676175,1,-0.4270224554638835,-0.4212043502442153,0.031470177791489626,0.9067284923060479,-0.17851530130699228,-0.10006870741933144,-0.307769440018865,-0.29738993008147113,-0.023734169606375283
South Korea,KR,2023,97.8,1713000000000.0,1.4,33200.0,4.6,2787.0,9026822200.74,5701492382.51,-23.223140495867767,1,-0.4186932564361684,-0.3708205636904131,-0.3864810275062085,0.9067284923060479,-0.17851530130699228,-0.29544364673705836,-0.3778424069170488,-0.37355705151072355,-1.4319958472154695
Sweden,SE,2015,90.6,499000000000.0,4.5,50600.0,4.6,758.82,2750341604.0436,1712153788.4042,0.5354752342704217,0,-0.6293525818454632,0.505857322345745,0.6932262528461782,0.41324317943531885,-0.17851530130699228,-0.7654976733389888,-0.5581793349323163,-0.5319821147411292,-0.28406620456561854
Sweden,SE,2016,91.0,514000000000.0,2.1,51800.0,4.6,758.82,2750341604.0436,1712153788.4042,0.5354752342704217,0,-0.6267497071493022,0.5663178662103076,-0.1426761577492179,0.44065903015035973,-0.17851530130699228,-0.7654976733389888,-0.5581793349323163,-0.5319821147411292,-0.28406620456561854
Sweden,SE,2017,96.4,537000000000.0,2.6,53900.0,4.6,861.0,3345791235.69,2085643814.99,14.64713715046604,0,-0.6227586326151887,0.6721238179732922,0.031470177791489626,0.8107730148034067,-0.17851530130699228,-0.741816283897132,-0.541070772943699,-0.5171500367708098,0.39775782107005886
Sweden,SE,2018,96.4,556000000000.0,2.0,55300.0,4.6,929.0,3589146175.0,2156588854.71,7.897793263646924,0,-0.6194616580000515,0.7426611191486152,-0.17750542485735946,0.8107730148034067,-0.17851530130699228,-0.7260565023151563,-0.5340786566619078,-0.514332659368919,0.07165414549736751
Sweden,SE,2019,97.3,531000000000.0,1.3,52500.0,4.6,1042.0,3975144087.76,2506417887.3,12.163616792249732,0,-0.6237997824936531,0.6015865167979692,-0.42131029461435,0.8724586789122473,-0.17851530130699228,-0.6998674535098145,-0.5229880977515396,-0.5004402094550945,0.2777631770342762
Sweden,SE,2020,97.3,541000000000.0,-2.2,52800.0,4.6,774.0,3144070386.64,2002684526.28,-24.193598327468493,1,-0.6220645326962124,0.6167016527641098,-1.6403346433993027,0.8724586789122473,-0.17851530130699228,-0.7619795338623065,-0.5468666513302992,-0.5204445253807387,-1.4788848294899302
Sweden,SE,2021,97.4,635000000000.0,5.4,61800.0,4.6,1238.0,4922484992.37,3101802940.86,59.9483204134367,1,-0.6057531846002703,1.0701557317483295,1.0066896568194519,0.879312641591008,-0.17851530130699228,-0.6544422007147084,-0.4957689347367615,-0.4767962112003351,2.586545741433248
Sweden,SE,2022,97.5,585000000000.0,2.6,56800.0,4.6,1076.0,4503263005.38,2817224980.21,-13.085621970920837,1,-0.6144294335874736,0.8182367989793186,0.031470177791489626,0.8861666042697677,-0.17851530130699228,-0.6919875627188267,-0.5078140935045629,-0.4880974032015776,-0.9421879329043402
Sweden,SE,2023,97.8,597000000000.0,-0.2,57700.0,4.6,1025.0,3859060895.88,2395379193.9500003,-4.739776951672859,1,-0.6123471338305448,0.8635822068777406,-0.9437493012364726,0.9067284923060479,-0.17851530130699228,-0.7038073989053084,-0.5263234201340966,-0.5048497905422917,-0.5389471465144402
United Kingdom,GB,2015,91.6,2896000000000.0,2.4,44300.0,5.4,3873.0,22297960594.9,13723841574.01,19.0549961270333,0,-0.21341320539893965,0.18843946705679118,-0.03818835642479345,0.4817828062229201,0.24618406738529597,-0.043750664413153936,0.0034662408827988724,-0.05497261754024507,0.6107294873192508
United Kingdom,GB,2016,92.0,2659000000000.0,1.8,40400.0,4.9,4611.0,24549291578.39,16321687311.31,19.0549961270333,0,-0.25453862559828305,-0.00805730050303736,-0.24716395907364244,0.509198656937961,-0.019253038047383954,0.12728931805005184,0.06815187278324204,0.04819332475471899,0.6107294873192508
United Kingdom,GB,2017,94.8,2638000000000.0,1.7,39900.0,4.4,4405.0,21671048402.92,14313165406.88,-4.46757753198872,0,-0.2581826501729084,-0.03324919377993846,-0.28199322618178396,0.7011096119432442,-0.2846901434800639,0.07954645031641987,-0.014546308840767182,-0.031569323163688955,-0.5257954635158747
United Kingdom,GB,2018,94.9,2857000000000.0,1.3,43000.0,4.1,5048.0,25986170624.51,17689754229.88,14.59704880817254,0,-0.22018067960895818,0.12294054453684833,-0.42131029461435,0.7079635746220049,-0.4439524067396722,0.2285690908636303,0.10943653050100452,0.10252215219446141,0.39533773508849357
United Kingdom,GB,2019,92.5,2830000000000.0,1.6,42400.0,3.8,4738.0,24449842992.95,16285936075.42,-6.141045958795566,0,-0.22486585406204795,0.09271027260456702,-0.31682249328992546,0.5434684703317616,-0.6032146699992801,0.15672302776932978,0.0652944987951582,0.046773567651422064,-0.606651353227216
United Kingdom,GB,2020,94.8,2764000000000.0,-6.124,41200.0,4.5,4297.0,19422785621.35,12436438265.79,-9.307724778387506,1,-0.23631850272515623,0.03224972874000439,-3.007035084722775,0.7011096119432442,-0.23160272239352805,0.05451620898034097,-0.07914378463202484,-0.10609812260745864,-0.7596537220121032
United Kingdom,GB,2021,96.7,3131000000000.0,8.7,46500.0,4.5,6822.0,33506924755.71,22724958185.58,58.76192692576217,1,-0.17263483515908443,0.299283797475156,2.1560554713881213,0.8313349028396869,-0.23160272239352805,0.6397139809581114,0.32552414130196955,0.3024807383717182,2.529223535972399
United Kingdom,GB,2022,97.0,3071000000000.0,4.1,45300.0,3.7,6039.0,33032132080.19,21423868098.12,-11.477572559366756,1,-0.1830463339437283,0.23882325361059337,0.553909184413612,0.851896790875967,-0.6563020910858158,0.4582447312715394,0.3118823158827221,0.25081170238694306,-0.8644928513669512
United Kingdom,GB,2023,97.8,3089000000000.0,0.1,45300.0,4.2,5193.0,26871935213.06,17766780851.21,-14.008941877794337,1,-0.17992288430833514,0.23882325361059337,-0.839261499912048,0.9067284923060479,-0.39086498565313593,0.26217450747225474,0.13488647213356392,0.10558104204970187,-0.9867993826111632
United States,US,2015,74.5,18206000000000.0,3.1,56800.0,5.3,12879.0,105674046259.13,77060933052.73,14.985635530708908,0,2.4432542344826933,0.8182367989793186,0.20561651333219716,-0.6902448118450605,0.1930966462987597,2.0434933492232026,2.3990423805651315,2.4602770875541244,0.41411282798979443
United States,US,2016,76.2,18695000000000.0,1.7,57900.0,4.9,14809.0,128306674301.04,93915234377.19,14.985635530708908,0,2.528107949577541,0.873658964188501,-0.28199322618178396,-0.5737274463061381,-0.019253038047383954,2.4907930323586864,3.0493269709673587,3.1295969986233403,0.41411282798979443
United States,US,2017,76.0,19477000000000.0,2.3,59900.0,4.3,14414.0,116805488864.04,84974839683.6,-2.667296914038764,0,2.6638044837373998,0.9744265372961053,-0.07301762353293499,-0.5874353716636586,-0.33777756456660013,2.399247242286916,2.7188729182082056,2.774555038352165,-0.43881247132869794
United States,US,2018,80.0,20533000000000.0,3.0,62800.0,3.9,16097.0,121007322907.22,85067588443.69,11.676148189260438,0,2.8470468623471326,1.1205395183021316,0.1707872462240556,-0.3132768645132537,-0.550127248912744,2.789301836440812,2.8396007419787264,2.778238287551295,0.2542104723822671
United States,US,2019,87.3,21381000000000.0,2.3,65100.0,3.7,17933.0,155775193238.02,109312831544.96,11.405852022115926,0,2.9941960451700993,1.2364222273758767,-0.07301762353293499,0.18706241103623503,-0.6563020910858158,3.2148159391541533,3.8385572164701456,3.741068110276889,0.24115074760351132
United States,US,2020,90.0,20893000000000.0,-2.8,63400.0,8.1,14931.0,117542420791.3,84528133288.98,-16.74008810572687,1,2.9095158550549955,1.150769790234413,-1.8493102460481516,0.3721194033627585,1.6795444367217671,2.5190679346087013,2.740046574028697,2.7568153837343137,-1.1187584053533035
United States,US,2021,91.8,23315000000000.0,5.9,70200.0,5.4,19619.959999999992,164166288927.83194,120419446253.48775,66.56705159921333,1,3.329793355995121,1.493379538800268,1.1808359923601595,0.49549073158044055,0.24618406738529597,3.605788308823704,4.079651631735178,4.182135243579135,2.906338687755706
United States,US,2022,92.0,24733339999999.992,2.1,76400.0,3.6,19619.959999999992,164166288927.83194,120419446253.48775,-18.29890740888428,1,3.5759107757653164,1.8057590154338414,-0.1426761577492179,0.509198656937961,-0.7093895121723518,3.605788308823704,4.079651631735178,4.182135243579135,-1.194074867640257
United States,US,2023,92.5,24733339999999.992,2.5,81600.0,3.6,16623.0,145631814054.38,101865350754.82,-18.868661232856653,1,3.5759107757653164,2.0677547055136127,-0.003359089316651912,0.5434684703317616,-0.7093895121723518,2.9112083822072705,3.547115888246419,3.4453129149599504,-1.2216032940006083
